1,non,not,,
2,che,that,,
3,di,of,,
4,e,is,,
5,la,there,,
6,il,the,,
7,un,a,,
8,a,to,,
9,è,is,,
10,per,for,,
11,in,in,,
12,una,a,,
13,sono,I'm,,
14,mi,me,,
15,ho,I have,,
16,si,Yes,,
17,lo,the,,
18,ma,but,,
19,ti,you,,
20,ha,has,,
21,le,the,,
22,cosa,thing,,
23,con,with,,
24,i,the,,
25,no,no,,
26,da,from,,
27,se,self,,
28,come,such as,,
29,io,I,,
30,ci,us,,
31,questo,this,,
32,qui,here,,
33,hai,you have,,
34,bene,well,,
35,sei,six,,
36,tu,you,,
37,del,of the,,
38,me,myself,,
39,mio,my,,
40,al,to the,,
41,solo,only,,
42,sì,Yup,,
43,tutto,all,,
44,te,you,,
45,più,more,,
46,della,of the,,
47,era,was,,
48,c,c,,
49,lei,she,,
50,gli,the,,
51,mia,my,,
52,questa,this,,
53,ne,neither,,
54,fare,do,,
55,quando,when,,
56,essere,to be,,
57,fatto,done,,
58,perché,why,,
59,so,I know,,
60,ora,Now,,
61,o,or,,
62,va,it goes,,
63,mai,never,,
64,chi,who,,
65,detto,say,,
66,così,so,,
67,alla,a,,
68,quello,one,,
69,tutti,all,,
70,oh,Oh,,
71,anche,also,,
72,molto,very,,
73,dei,of,,
74,lui,he,,
75,voglio,I want,,
76,niente,anything,,
77,stato,state,,
78,grazie,thank you,,
79,dove,where is it,,
80,abbiamo,we have,,
81,tuo,your,,
82,nel,in,,
83,allora,then,,
84,sta,It is,,
85,posso,I can,,
86,siamo,we are,,
87,uno,one,,
88,vuoi,do you want,,
89,hanno,have,,
90,noi,we,,
91,prima,before,,
92,suo,his,,
93,stai,are you,,
94,tua,your,,
95,due,two,,
96,ancora,yet,,
97,casa,home,,
98,fa,does,,
99,sua,her,,
100,qualcosa,something,,
101,vero,true,,
102,su,on,,
103,sai,you know,,
104,sia,both,,
105,sempre,always,,
106,dire,to say,,
107,loro,their,,
108,quella,that,,
109,andiamo,here we go,,
110,andare,to go,,
111,delle,of the,,
112,vi,you,,
113,quel,that,,
114,ehi,Hey,,
115,devo,I must,,
116,signore,lord,,
117,nella,in,,
118,ad,to,,
119,tempo,time,,
120,certo,of course,,
121,voi,you,,
122,vita,life,,
123,forse,perhaps,,
124,adesso,now,,
125,fuori,out,,
126,li,there,,
127,davvero,really,,
128,sto,I'm,,
129,anni,years,,
130,poi,then,,
131,altro,other,,
132,dio,God,,
133,via,Street,,
134,visto,seen,,
135,proprio,own,,
136,parte,part,,
137,ok,ok,,
138,beh,Well,,
139,puoi,can,,
140,credo,I think,,
141,sul,on the,,
142,ciao,Hello,,
143,volta,time,,
144,cose,what's this,,
145,quanto,how much,,
146,uomo,man,,
147,nessuno,nobody,,
148,padre,father,,
149,dopo,after,,
150,amico,friend,,
151,fai,do,,
152,può,can he,,
153,vuole,wants,,
154,posto,place,,
155,lavoro,work,,
156,qualcuno,someone,,
157,già,already,,
158,meglio,better,,
159,devi,you have to,,
160,ed,and,,
161,giorno,day,,
162,vedere,to see,,
163,cazzo,dick,,
164,dai,come on,,
165,cui,which,,
166,cos,cos,,
167,dal,from the,,
168,vai,Go,,
169,bisogno,need,,
170,ogni,every,,
171,vieni,Come,,
172,ecco,here,,
173,senza,without,,
174,ce,there is,,
175,male,bad,,
176,stata,was,,
177,troppo,too much,,
178,signor,Mr,,
179,qualche,some,,
180,mamma,mum,,
181,perchè,because,,
182,tanto,much,,
183,dobbiamo,we have to,,
184,avete,you have,,
185,dalla,from,,
186,sarà,Sara,,
187,prego,You are welcome,,
188,modo,way,,
189,grande,great,,
190,tra,between,,
191,ll,The,,
192,miei,my,,
193,guarda,look,,
194,favore,favor,,
195,alle,to,,
196,quindi,then,,
197,sembra,it seems,,
198,sa,know,,
199,soldi,money,,
200,parlare,speak,,
201,sulla,on,,
202,sarebbe,would be,,
203,dispiace,sorry,,
204,ai,to,,
205,deve,needs to,,
206,gente,people,,
207,dice,He says,,
208,tre,three,,
209,madre,mother,,
210,momento,moment,,
211,aspetta,wait up,,
212,cosi,so,,
213,altra,other,,
214,questi,these,,
215,siete,you are,,
216,nuovo,new,,
217,successo,success,,
218,mondo,world,,
219,piace,like it,,
220,nostro,our,,
221,aveva,had,,
222,forza,power,,
223,possiamo,We can,,
224,avere,to have,,
225,oggi,today,,
226,dov,dov,,
227,ah,ha,,
228,figlio,son,,
229,dentro,inside,,
230,ragazzi,boys,,
231,penso,I think,,
232,ero,I was,,
233,accordo,agreement,,
234,queste,these,,
235,faccio,I do,,
236,facendo,doing,,
237,degli,from,,
238,fosse,it were,,
239,donna,woman,,
240,giusto,quite right,,
241,avevo,I had,,
242,altri,others,,
243,nome,first name,,
244,avanti,forward,,
245,eh,huh,,
246,subito,immediately,,
247,tutte,all,,
248,signora,Mrs,,
249,basta,that's enough,,
250,notte,night,,
251,farlo,to do it,,
252,sapere,know,,
253,tutta,all,,
254,bella,beautiful,,
255,lì,there,,
256,porta,door,,
257,sicuro,sure,,
258,testa,head,,
259,faccia,face,,
260,vado,I go,,
261,senti,feeling,,
262,persone,people,,
263,nostra,our,,
264,sentito,heard,,
265,stare,to stay,,
266,appena,as soon as,,
267,sotto,under,,
268,uomini,men,,
269,preso,taken,,
270,merda,shit,,
271,tipo,guy,,
272,ragazzo,boy,,
273,morto,dead,,
274,paura,fear,,
275,pronto,ready,,
276,avuto,had,,
277,buona,good,,
278,ragazza,girl,,
279,presto,soon,,
280,erano,they were,,
281,moglie,wife,,
282,idea,idea,,
283,capito,I got it,,
284,stesso,same,,
285,abbia,has,,
286,é,is,,
287,potrebbe,could,,
288,suoi,his,,
289,pensi,think,,
290,problema,problem,,
291,amore,love,,
292,ii,ii,,
293,insieme,together,,
294,papà,Pope,,
295,tuoi,your,,
296,succede,It happens,,
297,volte,times,,
298,domani,tomorrow,,
299,vorrei,I would like to,,
300,tesoro,treasure,,
301,caso,case,,
302,ragione,reason,,
303,storia,history,,
304,okay,okay,,
305,volevo,I wanted,,
306,qua,here,,
307,prendere,to take,,
308,fino,till,,
309,nulla,nothing,,
310,trovato,found,,
311,bello,beautiful,,
312,dici,you say,,
313,macchina,machine,,
314,venire,to come,,
315,dato,given,,
316,l,the,,
317,nei,in,,
318,giorni,days,,
319,dico,I say,,
320,mano,but no,,
321,stiamo,we are,,
322,aver,having,,
323,serve,need,,
324,famiglia,family,,
325,buon,good,,
326,vediamo,we see,,
327,terra,land,,
328,fratello,brother,,
329,stanno,they are,,
330,letto,bed,,
331,facciamo,let's make,,
332,scusa,sorry,,
333,piacere,pleasure,,
334,fine,end,,
335,secondo,second,,
336,ciò,it,,
337,aiuto,Help,,
338,avrei,I would have,,
339,amici,friends,,
340,polizia,police,,
341,piano,plan,,
342,capo,head,,
343,state,been,,
344,diavolo,Devil,,
345,meno,less,,
346,morte,death,,
347,capisco,I see,,
348,vedo,I see,,
349,stati,States,,
350,neanche,neither,,
351,quale,which,,
352,primo,first,,
353,bel,beautiful,,
354,vostro,your,,
355,là,there,,
356,scusi,sorry,,
357,vedi,you see,,
358,strada,Street,,
359,quei,those,,
360,po,little,,
361,persona,person,,
362,occhi,eyes,,
363,giro,round,,
364,quelle,those,,
365,quasi,almost,,
366,salve,Hello,,
367,credi,believe,,
368,mentre,while,,
369,dollari,dollars,,
370,bambino,child,,
371,sera,evening,,
372,film,movie,,
373,avrebbe,it would have,,
374,ucciso,killed,,
375,indietro,back,,
376,contro,versus,,
377,sento,I hear,,
378,dovuto,due,,
379,tornare,return,,
380,mani,hands,,
381,mie,my,,
382,acqua,water,,
383,nessun,no,,
384,abbastanza,quite,,
385,pensavo,I thought,,
386,minuti,minutes,,
387,bambini,children,,
388,andato,gone,,
389,vostra,your,,
390,finito,finished,,
391,cercando,looking for,,
392,tardi,late,,
393,trovare,to find,,
394,stavo,I was,,
395,col,with the,,
396,viene,it is,,
397,veramente,really,,
398,ore,hours,,
399,nostri,our,,
400,chiama,who loves,,
401,far,to,,
402,guerra,war,,
403,piccolo,small,,
404,prendi,take,,
405,anch,anch,,
406,sola,one,,
407,cuore,heart,,
408,nemmeno,not even,,
409,forte,strong,,
410,bravo,good boy,,
411,quelli,those,,
412,giù,down,,
413,stasera,tonight,,
414,parla,speaks,,
415,venuto,came,,
416,sig,Mr,,
417,sue,its,,
418,comunque,anyway,,
419,numero,number,,
420,punto,point,,
421,roba,stuff,,
422,fanno,they do,,
423,stessa,itself,,
424,scuola,school,,
425,felice,happy,,
426,vecchio,old,,
427,perso,lost,,
428,uscire,go out,,
429,città,city,,
430,importa,it matters,,
431,dietro,behind,,
432,invece,instead,,
433,pensato,thought,,
434,fu,it was,,
435,lascia,leaves,,
436,nelle,in,,
437,donne,women,,
438,importante,important,,
439,figlia,daughter,,
440,spero,I hope,,
441,chiesto,asked,,
442,poco,little,,
443,verso,to,,
444,marito,husband,,
445,morire,to die,,
446,dovrebbe,it should,,
447,com,com,,
448,migliore,best,,
449,quattro,four,,
450,puttana,bitch,,
451,cinque,five,,
452,almeno,at least,,
453,ricordi,memories,,
454,sapevo,I knew,,
455,però,However,,
456,sangue,blood,,
457,settimana,week,,
458,potrei,I could,,
459,entrare,to come in,,
460,fate,you do,,
461,colpa,fault,,
462,dottore,doctor,,
463,pensa,thinks,,
464,anno,year,,
465,possibile,possible,,
466,piedi,walking,,
467,vicino,close,,
468,amo,I love,,
469,dovrei,I should,,
470,passato,past,,
471,piccola,small,,
472,messo,put,,
473,capitano,captain,,
474,fatta,done,,
475,ultima,latest,,
476,qual,what,,
477,andata,going,,
478,dovresti,you should,,
479,dammi,give me,,
480,farò,lighthouse,,
481,sentire,feel,,
482,altre,other,,
483,pensare,to think,,
484,vivere,to live,,
485,portato,brought,,
486,eri,you was,,
487,riesco,I can,,
488,gia,already,,
489,ia,ia,,
490,parlando,speaking,,
491,pure,mashed potato,,
492,stanza,room,,
493,telefono,phone,,
494,ascolta,listen,,
495,buongiorno,good morning,,
496,parlato,spoken,,
497,conosco,I know,,
498,nessuna,none,,
499,tue,your,,
500,significa,it means,,
501,chiamato,named,,
502,musica,music,,
503,lasciato,left,,
504,volete,want,,
505,conto,bill,,
506,corpo,body,,
507,dare,give,,
508,ricordo,I remember,,
509,culo,ass,,
510,perdere,to lose,,
511,serio,serious,,
512,jack,jack,,
513,be,well,,
514,mezzo,half,,
515,andando,going,,
516,fossi,I,,
517,vista,view,,
518,difficile,hard,,
519,john,john,,
520,stava,he was,,
521,sopra,over it,,
522,mangiare,to eat,,
523,prova,test,,
524,ieri,yesterday,,
525,genere,gender,,
526,fuoco,fire,,
527,strano,strange,,
528,ben,well,,
529,paese,country,,
530,signorina,young lady,,
531,parola,word,,
532,figli,sons,,
533,ln,ln,,
534,possa,can,,
535,magari,maybe,,
536,fortuna,luck,,
537,voleva,He wanted,,
538,problemi,problems,,
539,mesi,months,,
540,dimmi,tell me,,
541,potuto,could,,
542,chiamo,call,,
543,dicendo,saying,,
544,quanti,How many,,
545,gioco,game,,
546,possono,can,,
547,signori,gentlemen,,
548,farti,you,,
549,qualsiasi,any,,
550,molti,lot of,,
551,resto,rest,,
552,ragazze,girls,,
553,nuova,new,,
554,sorella,sister,,
555,davanti,front,,
556,re,king,,
557,foto,photo,,
558,dica,tell,,
559,torna,returns,,
560,domanda,question,,
561,pare,apparently,,
562,pace,peace,,
563,tieni,keep,,
564,mente,mind,,
565,sacco,bag,,
566,auto,car,,
567,finita,over,,
568,capire,to understand,,
569,verità,truth,,
570,paio,pair,,
571,cane,dog,,
572,vogliono,they want,,
573,attimo,moment,,
574,senso,sense,,
575,dovremmo,we should,,
576,lavorare,to work,,
577,perche,why,,
578,n,n,,
579,vivo,I live,,
580,stia,is,,
581,dalle,give her,,
582,andate,go,,
583,attenzione,caution,,
584,fra,between,,
585,pistola,gun,,
586,agli,to,,
587,vada,go,,
588,mr,mr,,
589,farmi,me,,
590,festa,party,,
591,saranno,they will be,,
592,vede,sees,,
593,buono,good,,
594,dicono,they say,,
595,presidente,president,,
596,unica,only,,
597,bere,drinking,,
598,passare,to pass,,
599,unico,single,,
600,sapete,you know,,
601,fantastico,fantastic,,
602,affari,business,,
603,dell,of,,
604,cielo,sky,,
605,coraggio,courage,,
606,spiace,sorry,,
607,ufficio,office,,
608,cara,Dear,,
609,agente,agent,,
610,smettila,stop that,,
611,luce,light,,
612,fammi,let me,,
613,dormire,to sleep,,
614,facile,easy,,
615,piu,more,,
616,capisci,Do you understand,,
617,parole,words,,
618,hey,hey,,
619,avessi,I had,,
620,giovane,young,,
621,potete,you can,,
622,divertente,funny,,
623,new,new,,
624,generale,general,,
625,ultimo,last,,
626,entra,come in,,
627,controllo,control,,
628,voce,voice,,
629,lungo,long,,
630,morta,dead,,
631,gran,great,,
632,esatto,exact,,
633,morti,dead,,
634,probabilmente,probably,,
635,cena,dinner,,
636,libro,book,,
637,sappiamo,we know,,
638,siano,are,,
639,arrivato,arrived,,
640,avevi,you had,,
641,squadra,team,,
642,scritto,written,,
643,faremo,we will,,
644,fatti,facts,,
645,credere,to believe,,
646,cristo,Christ,,
647,cerca,search for,,
648,vogliamo,we want,,
649,sulle,on,,
650,nostre,our,,
651,uccidere,kill,,
652,vuol,wants,,
653,farà,will make,,
654,attento,careful,,
655,sarei,I would be,,
656,molte,many,,
657,voglia,wish,,
658,chiedo,I ask,,
659,esattamente,exactly,,
660,pronti,ready,,
661,cura,care,,
662,sui,on,,
663,caro,expensive,,
664,chiaro,clear,,
665,lontano,far,,
666,tratta,is,,
667,pazzo,crazy,,
668,sicura,safety,,
669,stronzo,asshole,,
670,potresti,could,,
671,cercare,search for,,
672,ordine,order,,
673,conosci,know,,
674,parli,you speak,,
675,perfetto,perfect,,
676,sbagliato,mistaken,,
677,quest,quest,,
678,dieci,ten,,
679,restare,to remain,,
680,venite,you come,,
681,prendo,I take,,
682,stupido,stupid,,
683,arrivare,arrive,,
684,aria,air,,
685,credevo,I thought,,
686,passo,step,,
687,motivo,reason,,
688,s,s,,
689,prossima,next,,
690,sarai,you will be,,
691,farai,do,,
692,alcuni,some,,
693,chiami,who do you Love,,
694,lasciami,leave me,,
695,sarò,I will be,,
696,fermo,stationary,,
697,eravamo,we were,,
698,aspettare,wait,,
699,viaggio,travel,,
700,finché,until,,
701,mettere,to put,,
702,resta,remains,,
703,arriva,arrives,,
704,aspetto,appearance,,
705,avresti,you would have,,
706,campo,field,,
707,papa,Pope,,
708,arrivo,arrival,,
709,dello,of the,,
710,minuto,minute,,
711,portare,bring,,
712,guardare,to watch,,
713,camera,room,,
714,benissimo,very well,,
715,milioni,millions,,
716,lasciare,to leave,,
717,diventare,become,,
718,ospedale,Hospital,,
719,venga,come,,
720,zio,uncle,,
721,soltanto,only,,
722,bocca,mouth,,
723,né,neither,,
724,zitto,Shut up,,
725,continua,keep it going,,
726,bagno,bathroom,,
727,durante,during,,
728,ricevuto,received,,
729,bisogna,need,,
730,idiota,idiot,,
731,negli,in,,
732,bambina,child,,
733,colpo,blow,,
734,fretta,hurry,,
735,dottor,Dr.,,
736,metti,put,,
737,causa,cause,,
738,inizio,beginning,,
739,giocare,to play,,
740,voluto,would,,
741,trova,find,,
742,vanno,they go,,
743,permesso,permit,,
744,armi,weapons,,
745,bastardo,Bastard,,
746,devono,must,,
747,crede,he believes,,
748,succedendo,happening,,
749,guardate,watch,,
750,tornato,got back,,
751,potremmo,we could,,
752,dovete,you have to,,
753,venuta,coming,,
754,vostri,your,,
755,sole,Sun,,
756,torno,I return,,
757,gruppo,group,,
758,genitori,parents,,
759,situazione,situation,,
760,dirmi,tell me,,
761,lasci,leave,,
762,the,the,,
763,denaro,money,,
764,settimane,weeks,,
765,alto,high,,
766,preoccuparti,worry,,
767,grandi,great,,
768,onore,honor,,
769,piacerebbe,would like to,,
770,sogno,dream,,
771,giornata,day,,
772,deciso,decided,,
773,capelli,hair,,
774,pezzo,piece,,
775,disse,He said,,
776,tom,tom,,
777,porto,port,,
778,chiamare,to call,,
779,addio,goodbye,,
780,york,york,,
781,allo,the,,
782,fondo,background,,
783,aspetti,wait,,
784,traduzione,translation,,
785,mandato,mandate,,
786,guardi,look,,
787,ormai,by now,,
788,piuttosto,Rather,,
789,oltre,over,,
790,matrimonio,marriage,,
791,circa,about,,
792,brava,good,,
793,vattene,get out,,
794,grae,grae,,
795,avesse,had,,
796,qualunque,whatever,,
797,www,www,,
798,frank,frank,,
799,vera,real,,
800,futuro,future,,
801,do,do,,
802,joe,joe,,
803,prende,he takes,,
804,sicurezza,safety,,
805,vengo,I come,,
806,potere,power,,
807,tanti,many,,
808,scelta,choice,,
809,legge,law,,
810,odio,hate,,
811,cibo,food,,
812,fame,hunger,,
813,prigione,prison,,
814,guai,trouble,,
815,mattina,morning,,
816,quell,that,,
817,semplice,simple,,
818,chiunque,anyone,,
819,vecchia,old,,
820,brutto,ugly,,
821,usare,use,,
822,saperlo,know,,
823,mese,month,,
824,occhio,eye,,
825,speciale,special,,
826,provare,try out,,
827,cambiare,to change,,
828,domande,questions,,
829,piacciono,like,,
830,funziona,it works,,
831,sistema,system,,
832,natale,Christmas,,
833,prossimo,next one,,
834,messaggio,message,,
835,incidente,accident,,
836,radio,radio,,
837,aereo,plane,,
838,buonanotte,good night,,
839,finalmente,long last,,
840,assolutamente,absolutely,,
841,sam,sam,,
842,ottimo,great,,
843,solito,usual,,
844,avvocato,lawyer,,
845,compagnia,company,,
846,ve,you,,
847,nave,ship,,
848,glielo,him,,
849,gentile,kind,,
850,peccato,sin,,
851,servizio,service,,
852,scena,scene,,
853,incredibile,unbelievable,,
854,michael,michael,,
855,tv,TV,,
856,specie,species,,
857,spesso,often,,
858,dirlo,tell,,
859,david,david,,
860,pensando,thinking,,
861,entrambi,both of them,,
862,finire,to end,,
863,veloce,fast,,
864,intorno,around,,
865,addosso,on,,
866,parti,set off,,
867,avrai,you will have,,
868,tante,many,,
869,provato,tried,,
870,poteva,he could,,
871,pagare,to pay,,
872,calma,calm,,
873,conosce,know,,
874,sanno,know,,
875,tizio,someone,,
876,sette,seven,,
877,segreto,secret,,
878,pieno,full,,
879,doveva,where you go,,
880,carino,cute,,
881,dirti,tell you,,
882,arrivederci,see you later,,
883,amica,friend,,
884,quali,Which,,
885,ritardo,delay,,
886,faceva,it was,,
887,vederti,see you,,
888,poter,can,,
889,grosso,big,,
890,giuro,I swear,,
891,esercito,army,,
892,occhiata,look,,
893,freddo,cold,,
894,vestiti,clothes,,
895,avrà,will,,
896,santo,holy,,
897,scusami,I'm sorry,,
898,libero,free,,
899,centro,center,,
900,dimenticato,Forgot,,
901,america,America,,
902,lettera,letter,,
903,cavallo,horse,,
904,grado,degree,,
905,cercato,looked for,,
906,chiave,key,,
907,andrà,will,,
908,fallo,just do it,,
909,mare,sea,,
910,fermi,firm,,
911,nello,in,,
912,treno,train,,
913,sinistra,left,,
914,completamente,completely,,
915,saputo,known,,
916,scoperto,discovered,,
917,scusate,sorry,,
918,avevano,they had,,
919,caffè,coffee,,
920,tempi,times,,
921,rumore,noise,,
922,sesso,sex,,
923,silenzio,silence,,
924,uh,uh,,
925,intenzione,intention,,
926,laggiù,over there,,
927,arrivando,coming,,
928,chiedere,to ask,,
929,rapporto,relationship,,
930,sente,hears,,
931,apri,you open,,
932,servono,serve,,
933,ricorda,remember,,
934,trovo,I find,,
935,maestro,master,,
936,terribile,terrible,,
937,fronte,front,,
938,otto,eight,,
939,pubblico,public,,
940,cervello,brain,,
941,interessa,interest,,
942,tranquillo,quiet,,
943,rispetto,respect,,
944,destra,right,,
945,quante,how much it is,,
946,j,j,,
947,aiutare,to help,,
948,nero,black,,
949,mille,one thousand,,
950,diritto,right,,
951,accidenti,damn,,
952,saremo,we will be,,
953,peggio,worse,,
954,realtà,reality,,
955,consiglio,council,,
956,dovevo,I had to,,
957,stanotte,tonight,,
958,diverso,different,,
959,dolore,ache,,
960,pronta,ready,,
961,impossibile,impossible,,
962,anima,soul,,
963,prove,evidence,,
964,omicidio,murder,,
965,alcune,some,,
966,vestito,dress,,
967,risposta,answer,,
968,siediti,sit down,,
969,cambiato,changed,,
970,ferma,stop,,
971,governo,government,,
972,aspettando,waiting for,,
973,linea,line,,
974,normale,normal,,
975,tenente,lieutenant,,
976,ragae,ragae,,
977,sorpresa,surprise,,
978,colonnello,colonel,,
979,dí,of,,
980,vengono,are,,
981,porti,ports,,
982,farci,make us,,
983,partita,game,,
984,guardia,guard,,
985,chiuso,closed,,
986,direi,I'd say,,
987,soli,just,,
988,sapeva,He knew,,
989,fin,from,,
990,manca,it lacks,,
991,cavolo,cabbage,,
992,base,basis,,
993,diceva,he said,,
994,harry,harry,,
995,san,St.,,
996,vale,worth,,
997,duro,hard,,
998,chiamata,call,,
999,george,george,,
1000,ordini,orders,,
1001,tenere,to keep,,
1002,presa,socket,,
1003,charlie,charlie,,
1004,mike,mike,,
1005,riguardo,about,,
1006,luogo,place,,
1007,paul,paul,,
1008,personale,staff,,
1009,incontro,meeting,,
1010,volevi,you wanted,,
1011,wow,wow,,
1012,vinto,won,,
1013,conosciuto,known,,
1014,dagli,by,,
1015,interessante,Interesting,,
1016,sergente,sergeant,,
1017,sparato,shot,,
1018,oro,gold,,
1019,dl,dl,,
1020,dà,from,,
1021,avevamo,we had,,
1022,sembrava,It seemed,,
1023,altrimenti,otherwise,,
1024,aspettate,expect,,
1025,posizione,position,,
1026,caldo,hot,,
1027,nonno,not no,,
1028,potevo,I could,,
1029,immagino,I imagine,,
1030,migliori,best,,
1031,inferno,hell,,
1032,nonna,grandmother,,
1033,dolce,sweet,,
1034,vive,lives,,
1035,notizie,news,,
1036,luna,moon,,
1037,miss,miss,,
1038,semplicemente,simply,,
1039,medico,doctor,,
1040,esiste,exists,,
1041,esempio,example,,
1042,zona,area,,
1043,proposito,purpose,,
1044,uniti,united,,
1045,pezzi,pieces,,
1046,trovi,find,,
1047,inglese,English,,
1048,parlo,I speak,,
1049,errore,mistake,,
1050,d,d,,
1051,maggiore,greater,,
1052,continuare,to continue,,
1053,scappare,to run away,,
1054,seconda,second,,
1055,oddio,oh God,,
1056,eccolo,there he is,,
1057,gesù,Jesus,,
1058,attraverso,through,,
1059,programma,program,,
1060,perciò,therefore,,
1061,riesci,are able,,
1062,net,net,,
1063,chiudi,close,,
1064,gamba,leg,,
1065,vostre,your,,
1066,t,t,,
1067,saresti,would you be,,
1068,passi,steps,,
1069,verrà,it will come,,
1070,salute,health,,
1071,birra,beer,,
1072,comandante,commander,,
1073,assassino,murderess,,
1074,simile,similar,,
1075,possibilità,possibility,,
1076,rimasto,remained,,
1077,caccia,hunting,,
1078,poliziotto,policeman,,
1079,questione,question,,
1080,carta,paper,,
1081,lavora,working,,
1082,controllare,to check,,
1083,spettacolo,show,,
1084,naturalmente,naturally,,
1085,scrivere,to write,,
1086,jimmy,jimmy,,
1087,contento,happy,,
1088,volo,flight,,
1089,promesso,promised,,
1090,stessi,themselves,,
1091,passa,passes,,
1092,insomma,in conclusion,,
1093,chiesa,church,,
1094,partire,leave,,
1095,oppure,or,,
1096,carne,meat,,
1097,pranzo,lunch,,
1098,studio,study,,
1099,entro,within,,
1100,appuntamento,appointment,,
1101,sembri,you look,,
1102,pena,punishment,,
1103,bianco,White,,
1104,secondi,seconds,,
1105,missione,mission,,
1106,usa,USA,,
1107,dia,dia,,
1108,arrivati,arrived,,
1109,fermati,stopped,,
1110,calmati,take it easy,,
1111,forma,form,,
1112,giusta,right,,
1113,compleanno,birthday,,
1114,rimanere,stay,,
1115,palle,balls,,
1116,barca,boat,,
1117,affare,deal,,
1118,ie,ie,,
1119,de,de,,
1120,esserci,occur,,
1121,peter,peter,,
1122,max,max,,
1123,coi,with,,
1124,nord,north,,
1125,leggere,to read,,
1126,uscita,Exit,,
1127,cioè,that is,,
1128,ascoltami,listen to me,,
1129,braccio,arm,,
1130,informazioni,information,,
1131,certamente,of course,,
1132,direttore,director,,
1133,johnny,johnny,,
1134,canzone,song,,
1135,maledizione,curse,,
1136,scarpe,shoes,,
1137,colpito,hit it,,
1138,schifo,disgust,,
1139,pericolo,danger,,
1140,andati,gone,,
1141,mica,mica,,
1142,necessario,necessary,,
1143,umano,human,,
1144,bellissima,gorgeous,,
1145,rosso,red,,
1146,soldato,soldier,,
1147,don,Don,,
1148,fossero,they were,,
1149,dite,of you,,
1150,corso,course,,
1151,regalo,gift,,
1152,rubato,stolen,,
1153,carina,nice,,
1154,dunque,therefore,,
1155,bar,bar,,
1156,figliolo,son,,
1157,classe,class,,
1158,stronzate,bullshit,,
1159,brutta,ugly,,
1160,scherzando,joking,,
1161,vaffanculo,fuck off,,
1162,lunga,long,,
1163,benvenuto,welcome,,
1164,banca,bank,,
1165,negozio,shop,,
1166,sogni,dreams,,
1167,sud,south,,
1168,spalle,shoulders,,
1169,mostro,monster,,
1170,pochi,few,,
1171,intendo,I mean,,
1172,dura,tough,,
1173,triste,sad,,
1174,buonasera,good evening,,
1175,attacco,attack,,
1176,bob,bobsleigh,,
1177,james,james,,
1178,tocca,touching,,
1179,m,m,,
1180,muoviti,move,,
1181,dirò,I will say,,
1182,potrebbero,they might,,
1183,affatto,at all,,
1184,sala,room,,
1185,lavori,works,,
1186,piena,full,,
1187,vedrai,you will see,,
1188,sappia,know,,
1189,comprare,to buy,,
1190,qualcun,someone,,
1191,belle,beautiful,,
1192,metri,meters,,
1193,scelto,chosen,,
1194,professore,teacher,,
1195,sbrigati,hurry up,,
1196,jim,jim,,
1197,adoro,I adore,,
1198,aiuti,aid,,
1199,parigi,Paris,,
1200,vivi,alive,,
1201,comando,command,,
1202,pericoloso,dangerous,,
1203,dannazione,damn,,
1204,scommetto,I bet,,
1205,occasione,opportunity,,
1206,mary,mary,,
1207,metà,half,,
1208,spazio,space,,
1209,regole,rules,,
1210,contatto,contact,,
1211,spirito,spirit,,
1212,povero,poor,,
1213,senta,hear,,
1214,appartamento,flat,,
1215,gambe,legs,,
1216,parliamo,let's talk,,
1217,pelle,skin,,
1218,riuscito,succeeded,,
1219,cucina,kitchen,,
1220,bomba,bomb,,
1221,fottuto,fucking,,
1222,combattere,fight,,
1223,pomeriggio,afternoon,,
1224,pianeta,planet,,
1225,diventato,become,,
1226,avremo,we'll have,,
1227,ehm,hum,,
1228,viva,Viva,,
1229,stavi,you were,,
1230,conoscere,know,,
1231,mangia,it eats,,
1232,visita,visit,,
1233,soldati,soldiers,,
1234,cattivo,bad,,
1235,aiutami,help me,,
1236,prometto,I promise,,
1237,sposato,married,,
1238,ovunque,everywhere,,
1239,ama,loves,,
1240,stupida,stupid,,
1241,bill,bill,,
1242,rotto,Broken,,
1243,tale,such,,
1244,fiume,river,,
1245,fratelli,brothers,,
1246,nemico,enemy,,
1247,ovviamente,obviously,,
1248,arma,weapon,,
1249,lingua,tongue,,
1250,borsa,bag,,
1251,anna,anna,,
1252,uscito,released,,
1253,vino,wine,,
1254,libri,books,,
1255,destino,destiny,,
1256,sicuramente,certainly,,
1257,maria,Mary,,
1258,piangere,to cry,,
1259,dovrai,you,,
1260,reale,real,,
1261,palla,ball,,
1262,preoccupare,worry,,
1263,ballo,dance,,
1264,venuti,came,,
1265,iniziato,started,,
1266,arrivata,arrived,,
1267,usato,used,,
1268,sentite,feeling,,
1269,urla,yell out,,
1270,cerco,I look for,,
1271,nato,born,,
1272,alzati,stand up,,
1273,aperto,open,,
1274,ritorno,return,,
1275,nove,nine,,
1276,b,b,,
1277,molta,much,,
1278,salvare,to save,,
1279,salvato,saved,,
1280,capisce,understands,,
1281,ê,is,,
1282,principe,prince,,
1283,lista,list,,
1284,intero,full,,
1285,avremmo,we would,,
1286,popolo,people,,
1287,passaggio,passage,,
1288,finestra,window,,
1289,alex,alex,,
1290,ricerca,search,,
1291,differenza,difference,,
1292,saltare,jump,,
1293,torni,return,,
1294,tavolo,table,,
1295,quegli,those,,
1296,ridere,to laugh,,
1297,codice,code,,
1298,notizia,news,,
1299,henry,henry,,
1300,avrebbero,would,,
1301,vento,wind,,
1302,libera,free,,
1303,speranza,hope,,
1304,pagato,paid,,
1305,diciamo,let's say,,
1306,posti,seats,,
1307,ufficiale,official,,
1308,frega,cares,,
1309,costa,it costs,,
1310,sparare,shoot,,
1311,animali,animals,,
1312,buone,good,,
1313,farebbe,would do,,
1314,libertà,freedom,,
1315,farsi,get,,
1316,incontrato,met,,
1317,pesce,fish,,
1318,serata,evening,,
1319,certa,certain,,
1320,all,all,,
1321,società,society,,
1322,francese,French,,
1323,temo,I fear,,
1324,livello,level,,
1325,stazione,railway station,,
1326,americano,American,,
1327,computer,computer,,
1328,droga,drug,,
1329,digli,say to Him,,
1330,prenda,take,,
1331,detective,detective,,
1332,lato,side,,
1333,lasciate,leave,,
1334,ami,do you love,,
1335,vecchi,old people,,
1336,guardando,watching,,
1337,hotel,hotel,,
1338,ultimi,last,,
1339,sceriffo,sheriff,,
1340,lascio,leave,,
1341,americani,American,,
1342,sezione,section,,
1343,imparato,learned,,
1344,you,you,,
1345,regina,Queen,,
1346,tommy,tommy,,
1347,ballare,to dance,,
1348,bellissimo,very beautifull,,
1349,cominciare,begin,,
1350,vederlo,see him,,
1351,averlo,have it,,
1352,esci,go out,,
1353,scorsa,last,,
1354,tony,tony,,
1355,riguarda,it concerns,,
1356,star,star,,
1357,naso,nose,,
1358,bobby,bobby,,
1359,padrone,master,,
1360,andremo,we will go,,
1361,danny,danny,,
1362,alta,high,,
1363,comprato,bought,,
1364,vorrebbe,he would,,
1365,metto,I put,,
1366,seguito,following,,
1367,aprire,to open,,
1368,correre,to run,,
1369,farei,I would do,,
1370,dovrebbero,they should,,
1371,alcun,any,,
1372,fiori,flowers,,
1373,inutile,useless,,
1374,danno,damage,,
1375,stesse,same,,
1376,corri,run,,
1377,sí,Yes,,
1378,casino,casino,,
1379,imparare,learn,,
1380,torniamo,we return,,
1381,natura,nature,,
1382,lavorato,worked,,
1383,cliente,customer,,
1384,rende,makes,,
1385,londra,London,,
1386,riesce,succeeds,,
1387,immediatamente,immediately,,
1388,giovani,Young people,,
1389,guida,guide,,
1390,biglietto,ticket,,
1391,stavamo,we were,,
1392,zia,aunt,,
1393,razza,race,,
1394,cani,dogs,,
1395,stamattina,This morning,,
1396,intelligente,intelligent,,
1397,blu,blue,,
1398,effetti,effects,,
1399,cominciato,started,,
1400,avrò,I will,,
1401,cambio,exchange,,
1402,chiavi,keys,,
1403,intera,whole,,
1404,taxi,Taxi,,
1405,gay,gay,,
1406,fortunato,lucky,,
1407,corsa,race,,
1408,jake,jake,,
1409,giudice,judge,,
1410,accanto,next,,
1411,villaggio,village,,
1412,cinema,cinema,,
1413,stanco,tired out,,
1414,lezione,lesson,,
1415,decisione,decision,,
1416,bianca,white,,
1417,eddie,eddie,,
1418,bordo,board,,
1419,ray,ray,,
1420,segno,sign,,
1421,ponte,bridge,,
1422,club,club,,
1423,nuovi,new,,
1424,umani,human,,
1425,muro,Wall,,
1426,interno,indoor,,
1427,energia,power,,
1428,aiutarti,help you,,
1429,sapevi,Did you know,,
1430,darmi,me,,
1431,trovata,stunt,,
1432,seduto,sitting,,
1433,spada,sword,,
1434,andrò,I will go,,
1435,presente,here I'm,,
1436,guardami,watch me,,
1437,processo,process,,
1438,scoprire,to discover,,
1439,faranno,will,,
1440,piccoli,little ones,,
1441,segnale,signal,,
1442,ferito,injured,,
1443,farla,it,,
1444,battaglia,battle,,
1445,meraviglioso,wonderful,,
1446,scherzo,joke,,
1447,it,it,,
1448,cavalli,horses,,
1449,paga,pay,,
1450,ride,laughs,,
1451,porca,ridge,,
1452,chiedi,ask,,
1453,mangiato,eat,,
1454,ascolti,you listen,,
1455,ringrazio,I thank,,
1456,comincia,it starts,,
1457,mette,puts,,
1458,prezzo,price,,
1459,grave,serious,,
1460,dovevi,you had to,,
1461,tanta,so much,,
1462,billy,billy,,
1463,infatti,indeed,,
1464,strana,strange,,
1465,eroe,hero,,
1466,and,and,,
1467,suono,sound,,
1468,iniziare,to start,,
1469,fece,he made,,
1470,documenti,documents,,
1471,collo,neck,,
1472,comune,common,,
1473,denti,teeth,,
1474,sarebbero,would,,
1475,vincere,to win,,
1476,lavorando,working,,
1477,vedete,you see,,
1478,pensate,think,,
1479,intendi,you mean,,
1480,los,los,,
1481,storie,stories,,
1482,memoria,memory,,
1483,data,date,,
1484,terzo,third,,
1485,buoni,good,,
1486,aiutarmi,help,,
1487,massimo,maximum,,
1488,miglior,best,,
1489,buio,dark,,
1490,colore,color,,
1491,matto,crazy,,
1492,prendete,take,,
1493,vederla,see her,,
1494,carte,cards,,
1495,suona,it sounds,,
1496,rispondere,reply,,
1497,cerchi,circles,,
1498,cellulare,mobile phone,,
1499,soprattutto,mostly,,
1500,sarah,sarah,,
1501,italianshare,italianshare,,
1502,diventa,it becomes,,
1503,difesa,defense,,
1504,corte,court,,
1505,suppongo,I presume,,
1506,maledetto,cursed,,
1507,potrà,will,,
1508,opera,Opera,,
1509,partito,party,,
1510,attenti,careful,,
1511,pazza,crazy,,
1512,persino,even,,
1513,r,r,,
1514,scendere,alight,,
1515,fede,wedding ring,,
1516,u,u,,
1517,esperienza,experience,,
1518,vorresti,would you,,
1519,parlarti,talk to you,,
1520,gliel,vaccum,,
1521,bacio,kiss,,
1522,farcela,do it,,
1523,responsabile,responsible,,
1524,enorme,huge,,
1525,chiamano,they call,,
1526,messa,mass,,
1527,ex,former,,
1528,fiducia,confidence,,
1529,ognuno,each one,,
1530,periodo,period,,
1531,dovere,must,,
1532,albero,tree,,
1533,verde,green,,
1534,steve,steve,,
1535,smettere,stop,,
1536,darti,give you,,
1537,azione,action,,
1538,odore,smell,,
1539,rispondi,Reply,,
1540,locale,local,,
1541,latte,milk,,
1542,bellezza,beauty,,
1543,vittima,victim,,
1544,vicini,neighbors,,
1545,cae,cae,,
1546,visti,visas,,
1547,entrato,entered,,
1548,congratulazioni,congratulations,,
1549,felici,happy,,
1550,nell,in,,
1551,prendiamo,we take,,
1552,tira,pulls,,
1553,nomi,names,,
1554,nick,nick,,
1555,colazione,Breakfast,,
1556,íl,the,,
1557,tornata,returned,,
1558,ottima,Great,,
1559,idee,ideas,,
1560,isola,island,,
1561,fila,row,,
1562,farle,them,,
1563,contrario,contrary,,
1564,sveglia,Wake Up,,
1565,lee,lee,,
1566,maggior,greatest,,
1567,leggi,read,,
1568,chissà,who knows,,
1569,sembrano,they seem,,
1570,roma,Rome,,
1571,dubbio,doubt,,
1572,angeles,angeles,,
1573,camion,truck,,
1574,braccia,arms,,
1575,sissignore,yes sir,,
1576,lasciatemi,let me,,
1577,stella,star,,
1578,malato,ill,,
1579,nascosto,hidden away,,
1580,citta,city,,
1581,rischio,risk,,
1582,averti,have you,,
1583,pressione,pressure,,
1584,orribile,horrible,,
1585,edificio,building,,
1586,progetto,project,,
1587,portata,flow,,
1588,età,age,,
1589,diversi,different,,
1590,parlarne,talk about,,
1591,sara,Sara,,
1592,camminare,to walk,,
1593,lascialo,leave him,,
1594,capace,to be able,,
1595,dott,Dr.,,
1596,piede,foot,,
1597,calmo,calm,,
1598,chiusa,closed,,
1599,principessa,princess,,
1600,dimenticare,forget,,
1601,zitta,shut up,,
1602,attenta,careful,,
1603,potrai,you,,
1604,sali,salts,,
1605,scopo,purpose,,
1606,dipende,It depends,,
1607,grida,shout,,
1608,sii,Yay,,
1609,show,show,,
1610,abbiano,have,,
1611,vorrà,will want,,
1612,andava,He was,,
1613,piaciuto,liked,,
1614,stampa,press,,
1615,viso,face,,
1616,ottenere,get,,
1617,segreti,secrets,,
1618,stelle,stars,,
1619,rosa,rose,,
1620,nuove,new,,
1621,salire,to go up,,
1622,pensiero,thought,,
1623,dappertutto,everywhere,,
1624,ristorante,restaurant,,
1625,potesse,could,,
1626,conta,counts,,
1627,giornale,newspaper,,
1628,serie,series,,
1629,test,test,,
1630,luci,lights,,
1631,chiudere,to close,,
1632,gatto,cat,,
1633,aiutarla,help,,
1634,giustizia,justice,,
1635,tranne,except,,
1636,albergo,hotel,,
1637,ascoltare,to listen,,
1638,tiro,shot,,
1639,relazione,report,,
1640,basso,bass,,
1641,resti,remains,,
1642,compagno,partner,,
1643,stavolta,this time,,
1644,crimine,crime,,
1645,tengo,tengo,,
1646,angolo,angle,,
1647,dovremo,we will,,
1648,cappello,hat,,
1649,operazione,operation,,
1650,fore,fore,,
1651,chiamate,calls,,
1652,q,q,,
1653,estate,summer,,
1654,desiderio,desire,,
1655,robert,robert,,
1656,mercato,market,,
1657,preoccupi,worry,,
1658,incinta,pregnant,,
1659,rilassati,take it easy,,
1660,clienti,customers,,
1661,sposa,bride,,
1662,arte,art,,
1663,coltello,knife,,
1664,strade,roads,,
1665,continui,continues,,
1666,mossa,move,,
1667,macchine,cars,,
1668,preferisco,I prefer,,
1669,rose,roses,,
1670,vite,lives,,
1671,certe,certain,,
1672,son,son,,
1673,toccare,to touch,,
1674,milione,million,,
1675,buco,hole,,
1676,centrale,central,,
1677,lassù,up there,,
1678,tranquilla,Quiet,,
1679,carriera,career,,
1680,anello,ring,,
1681,video,video,,
1682,uso,use,,
1683,stile,style,,
1684,metta,put,,
1685,contratto,contract,,
1686,compito,task,,
1687,faresti,would you do,,
1688,paradiso,paradise,,
1689,provi,try,,
1690,forze,Strength,,
1691,indirizzo,address,,
1692,domattina,tomorrow morning,,
1693,anzi,rather,,
1694,poliziotti,policemen,,
1695,finta,fake,,
1696,riunione,meeting,,
1697,effetto,effect,,
1698,punti,points,,
1699,torta,cake,,
1700,scorso,last,,
1701,troia,slut,,
1702,animale,animal,,
1703,qualcos,qualcos,,
1704,to,to,,
1705,faccenda,affair,,
1706,darò,I will give,,
1707,lettere,letters,,
1708,chiede,asks,,
1709,notato,noted,,
1710,particolare,particular,,
1711,inoltre,Moreover,,
1712,offerta,offer,,
1713,prendermi,take,,
1714,ra,ra,,
1715,campione,sample,,
1716,fermare,stop,,
1717,aperta,open,,
1718,agenti,agents,,
1719,sembrare,to seem,,
1720,kate,kate,,
1721,politica,policy,,
1722,colpevole,guilty,,
1723,walter,walter,,
1724,scegliere,to choose,,
1725,rimane,remains,,
1726,vedremo,we'll see,,
1727,ghiaccio,ice,,
1728,washington,Washington,,
1729,dovrà,will,,
1730,finisce,ends,,
1731,fucile,rifle,,
1732,colpi,shots,,
1733,utile,helpful,,
1734,averla,have it,,
1735,voci,rumors,,
1736,perfetta,perfect,,
1737,ispettore,inspector,,
1738,autobus,bus,,
1739,dati,data,,
1740,ridicolo,ridiculous,,
1741,will,will,,
1742,potessi,I could,,
1743,altezza,height,,
1744,guidare,to drive,,
1745,primi,first,,
1746,decidere,to decide,,
1747,sottofondo,background,,
1748,volare,to fly,,
1749,valore,value,,
1750,campagna,countryside,,
1751,tè,you,,
1752,tornate,return,,
1753,vendere,to sell,,
1754,muore,dies,,
1755,charles,charles,,
1756,bevi,Frequency,,
1757,eccola,here she is,,
1758,cadere,fall,,
1759,scatola,box,,
1760,peso,weight,,
1761,magnifico,magnificent,,
1762,ragazzino,little boy,,
1763,prendendo,taking,,
1764,ubriaco,drunk,,
1765,mentito,lied,,
1766,santa,holy,,
1767,egli,he,,
1768,tenga,takes,,
1769,martin,martin,,
1770,sensazione,sensation,,
1771,principale,main,,
1772,saremmo,we would,,
1773,schiena,back,,
1774,caduto,fallen,,
1775,girare,turn,,
1776,contenta,happy,,
1777,piaceva,He liked,,
1778,orologio,clock,,
1779,insegnato,taught,,
1780,sbaglio,mistake,,
1781,entri,enter,,
1782,porte,doors,,
1783,cioe,ie,,
1784,p,p,,
1785,maestà,majesty,,
1786,arrivano,they arrive,,
1787,conti,accounts,,
1788,cantare,to sing,,
1789,bevuto,drunk,,
1790,angelo,angel,,
1791,sparo,shot,,
1792,creato,created,,
1793,dimmelo,tell me,,
1794,naturale,natural,,
1795,importanza,importance,,
1796,baby,baby,,
1797,case,homes,,
1798,manda,sends,,
1799,fumo,smoke,,
1800,domenica,Sunday,,
1801,uccisa,killed,,
1802,umana,human,,
1803,verita,truth,,
1804,cento,one hundred,,
1805,rotta,route,,
1806,nipote,nephew,,
1807,date,at your place,,
1808,teatro,theater,,
1809,militare,military,,
1810,povera,poor,,
1811,andartene,leave,,
1812,pensano,they think,,
1813,muoversi,move,,
1814,palazzo,palace,,
1815,convinto,convinced,,
1816,ascoltate,listen,,
1817,innocente,innocent,,
1818,finale,the final,,
1819,purtroppo,Unfortunately,,
1820,giochi,games,,
1821,innamorato,in love,,
1822,gira,runs,,
1823,breve,short,,
1824,dall,from,,
1825,crederci,believe it,,
1826,turno,round,,
1827,stavano,they were,,
1828,uccidermi,kill myself,,
1829,emergenza,emergency,,
1830,benvenuti,welcome,,
1831,improvviso,sudden,,
1832,fanculo,fuck,,
1833,andarci,go there,,
1834,tetto,roof,,
1835,montagna,mountain,,
1836,dirle,tell,,
1837,diverse,different,,
1838,tiene,keeps,,
1839,dovrò,I will have to,,
1840,bottiglia,bottle,,
1841,andrai,you will go,,
1842,chiedendo,asking,,
1843,nera,Black,,
1844,pane,bread,,
1845,muovetevi,move,,
1846,preoccupato,worried,,
1847,venne,it was,,
1848,ricco,rich,,
1849,stanca,weary,,
1850,richard,richard,,
1851,mark,mark,,
1852,chiamami,Call me,,
1853,discorso,speech,,
1854,mandare,send,,
1855,evitare,to avoid,,
1856,accettare,to accept,,
1857,immagini,images,,
1858,giornali,newspapers,,
1859,sir,sir,,
1860,ministro,minister,,
1861,momenti,moments,,
1862,simon,simon,,
1863,mantenere,to maintain,,
1864,giardino,garden,,
1865,lotta,fight,,
1866,distrutto,destroyed,,
1867,pò,little,,
1868,antonio,antonio,,
1869,retro,back,,
1870,cerchiamo,try,,
1871,bicchiere,glass,,
1872,pantaloni,trousers,,
1873,siate,you are,,
1874,tribunale,court,,
1875,lasciamo,we leave,,
1876,gioia,joy,,
1877,bastardi,bastards,,
1878,paziente,patient,,
1879,dr,dr,,
1880,controlla,check it out,,
1881,arrabbiato,angry,,
1882,avermi,me,,
1883,genio,genius,,
1884,saprei,know,,
1885,giu,down,,
1886,debole,weak,,
1887,piani,plans,,
1888,coppia,couple,,
1889,arresto,arrest,,
1890,scusatemi,excuse me,,
1891,mettiti,put yourself,,
1892,allarme,alarm,,
1893,sarete,you will be,,
1894,seguire,follow,,
1895,est,East,,
1896,ricordare,to remember,,
1897,incontrare,meet,,
1898,huh,huh,,
1899,talento,talent,,
1900,na,na,,
1901,vissuto,lived,,
1902,furono,they were,,
1903,condizioni,conditions,,
1904,cattiva,bad,,
1905,cinese,Chinese,,
1906,aiutato,helped,,
1907,malattia,disease,,
1908,suonare,play,,
1909,tipi,types,,
1910,dito,finger,,
1911,laboratorio,laboratory,,
1912,preferito,favorite,,
1913,nemici,enemies,,
1914,vittoria,victory,,
1915,potevi,you could,,
1916,dritto,straight ahead,,
1917,ferita,wound,,
1918,svegliati,wake up,,
1919,unità,unit,,
1920,francia,France,,
1921,diamo,let's,,
1922,grossa,gross,,
1923,creare,create,,
1924,direzione,direction,,
1925,propria,own,,
1926,sposata,married,,
1927,migliaia,thousand,,
1928,mal,ache,,
1929,rimani,stay,,
1930,occupato,busy,,
1931,sabato,Saturday,,
1932,f,f,,
1933,mattino,morning,,
1934,morendo,dying,,
1935,canta,sings,,
1936,provo,I try,,
1937,sentimenti,feelings,,
1938,sene,sene,,
1939,bei,beautiful,,
1940,vuoto,empty,,
1941,spiaggia,beach,,
1942,testimone,witness,,
1943,dita,fingers,,
1944,esce,goes out,,
1945,jerry,jerry,,
1946,isubs,isubs,,
1947,cambia,change,,
1948,troviamo,we find,,
1949,gas,gas,,
1950,dipartimento,department,,
1951,chris,chris,,
1952,amor,sake,,
1953,thomas,thomas,,
1954,lucy,lucy,,
1955,miglia,miles,,
1956,smesso,stopped,,
1957,facevo,I did,,
1958,sedia,chair,,
1959,corrente,current,,
1960,cadavere,dead body,,
1961,andarmene,leave,,
1962,victor,victor,,
1963,importanti,important,,
1964,jane,jane,,
1965,obiettivo,target,,
1966,fianco,side,,
1967,entrate,revenue,,
1968,conosciamo,we know,,
1969,fantastica,fantastic,,
1970,furgone,van,,
1971,amato,beloved,,
1972,iscrew,iscrew,,
1973,motore,engine,,
1974,inizia,it begins,,
1975,presento,present,,
1976,ladro,thief,,
1977,soluzione,solution,,
1978,matt,matt,,
1979,sguardo,look,,
1980,parlano,they talk,,
1981,fantasma,ghost,,
1982,sposare,to marry,,
1983,spiegare,explain,,
1984,pensarci,think about it,,
1985,immagine,image,,
1986,dave,dave,,
1987,entrata,entry,,
1988,pioggia,rain,,
1989,zero,zero,,
1990,eppure,but yet,,
1991,immaginare,to imagine,,
1992,potente,powerful,,
1993,rock,rock,,
1994,sé,self,,
1995,vittime,victims,,
1996,famoso,famous,,
1997,uccello,bird,,
1998,scendi,get off,,
1999,accaduto,happened,,
2000,giacca,jacket